,eventType,duration,detectionTime,startTime,endTime,oid,observations,source,quantity,rate,label,event_names
0,PRE,"{'value': 2038.7166666666667, 'unit': 'hr'}",2024-02-22 19:40:00,2024-01-07 17:31:00,2024-04-01 16:14:00,FLY-2,"[{'id': 'FLY-2', 'startTime': Timestamp('2024-01-07 17:31:00'), 'endTime': Timestamp('2024-04-01 16:14:00'), 'obs_mass_volume': 108051.98333333334, 'obs_duration': 2038.7166666666667, 'obs_rate': 53.0, 'obs_rate_unit': 'kg/hr'}]",Compressor-2,"{'value': 160.76300239433334, 'unit': 'kg'}","{'value': 53.0, 'unit': 'kg/hr'}",1.0,Event-01
1,PRE,"{'value': 2038.7166666666667, 'unit': 'hr'}",2024-03-22 19:40:00,2024-01-07 17:31:00,2024-04-01 16:14:00,FLY-3,"[{'id': 'FLY-3', 'startTime': Timestamp('2024-01-07 17:31:00'), 'endTime': Timestamp('2024-04-01 16:14:00'), 'obs_mass_volume': 130477.86666666667, 'obs_duration': 2038.7166666666667, 'obs_rate': 64.0, 'obs_rate_unit': 'kg/hr'}]",Compressor-3,"{'value': 160.76300239433334, 'unit': 'kg'}","{'value': 64.0, 'unit': 'kg/hr'}",2.0,Event-02
2,PRE,"{'value': 703.75, 'unit': 'hr'}",2024-04-05 19:14:00,2024-04-01 16:14:00,2024-04-30 23:59:00,FLY-4,"[{'id': 'FLY-4', 'startTime': Timestamp('2024-04-01 16:14:00'), 'endTime': datetime.datetime(2024, 4, 30, 23, 59), 'obs_mass_volume': 27094.375, 'obs_duration': 703.75, 'obs_rate': 38.5, 'obs_rate_unit': 'kg/hr'}]",A,"{'value': 160.76300239433334, 'unit': 'kg'}","{'value': 38.5, 'unit': 'kg/hr'}",3.0,Event-03
3,RE,"{'value': 0.16666666666666666, 'unit': 'hr'}",2024-01-01 04:25:00,2024-01-01 04:25:00,2024-01-01 04:35:00,VFB-31,"[{'id': 'VFB-31', 'startTime': Timestamp('2024-01-01 04:25:00'), 'endTime': Timestamp('2024-01-01 04:35:00'), 'obs_mass_volume': 182.796264, 'obs_duration': 0.16666666666666666, 'obs_rate': 1096.7775840000002, 'obs_rate_unit': 'kg/hr'}]",Compressor-3,"{'value': 182.796264, 'unit': 'kg'}","{'value': 1096.7775840000002, 'unit': 'kg/hr'}",4.0,Event-04
4,RE,"{'value': 0.1, 'unit': 'hr'}",2024-01-01 13:34:00,2024-01-01 13:34:00,2024-01-01 13:40:00,VFB-30,"[{'id': 'VFB-30', 'startTime': Timestamp('2024-01-01 13:34:00'), 'endTime': Timestamp('2024-01-01 13:40:00'), 'obs_mass_volume': 231.25869, 'obs_duration': 0.1, 'obs_rate': 2312.5869, 'obs_rate_unit': 'kg/hr'}]",Tank-1,"{'value': 231.25869, 'unit': 'kg'}","{'value': 2312.5869, 'unit': 'kg/hr'}",5.0,Event-05
5,RE,"{'value': 0.11666666666666667, 'unit': 'hr'}",2024-01-02 06:50:00,2024-01-02 06:50:00,2024-01-02 06:57:00,VFB-29,"[{'id': 'VFB-29', 'startTime': Timestamp('2024-01-02 06:50:00'), 'endTime': Timestamp('2024-01-02 06:57:00'), 'obs_mass_volume': 159.2221714, 'obs_duration': 0.11666666666666667, 'obs_rate': 1364.761469142857, 'obs_rate_unit': 'kg/hr'}]",Tank-1,"{'value': 159.2221714, 'unit': 'kg'}","{'value': 1364.761469142857, 'unit': 'kg/hr'}",6.0,Event-06
6,RE,"{'value': 0.08333333333333333, 'unit': 'hr'}",2024-01-03 15:15:00,2024-01-03 15:15:00,2024-01-03 15:20:00,VFB-28,"[{'id': 'VFB-28', 'startTime': Timestamp('2024-01-03 15:15:00'), 'endTime': Timestamp('2024-01-03 15:20:00'), 'obs_mass_volume': 263.071872, 'obs_duration': 0.08333333333333333, 'obs_rate': 3156.862464, 'obs_rate_unit': 'kg/hr'}]",Tank-1,"{'value': 263.071872, 'unit': 'kg'}","{'value': 3156.862464, 'unit': 'kg/hr'}",7.0,Event-07
7,RE,"{'value': 0.08333333333333333, 'unit': 'hr'}",2024-01-05 07:30:00,2024-01-05 07:30:00,2024-01-05 07:35:00,VFB-27,"[{'id': 'VFB-27', 'startTime': Timestamp('2024-01-05 07:30:00'), 'endTime': Timestamp('2024-01-05 07:35:00'), 'obs_mass_volume': 339.0873, 'obs_duration': 0.08333333333333333, 'obs_rate': 4069.0476000000003, 'obs_rate_unit': 'kg/hr'}]",Compressor-2,"{'value': 339.0873, 'unit': 'kg'}","{'value': 4069.0476000000003, 'unit': 'kg/hr'}",8.0,Event-08
8,RE,"{'value': 0.16666666666666666, 'unit': 'hr'}",2024-01-06 00:40:00,2024-01-06 00:40:00,2024-01-06 00:50:00,VFB-26,"[{'id': 'VFB-26', 'startTime': Timestamp('2024-01-06 00:40:00'), 'endTime': Timestamp('2024-01-06 00:50:00'), 'obs_mass_volume': 263.417292, 'obs_duration': 0.16666666666666666, 'obs_rate': 1580.5037519999998, 'obs_rate_unit': 'kg/hr'}]",Tank-2,"{'value': 263.417292, 'unit': 'kg'}","{'value': 1580.5037519999998, 'unit': 'kg/hr'}",9.0,Event-09
9,RE,"{'value': 0.08333333333333333, 'unit': 'hr'}",2024-01-06 11:30:00,2024-01-06 11:30:00,2024-01-06 11:35:00,VFB-25,"[{'id': 'VFB-25', 'startTime': Timestamp('2024-01-06 11:30:00'), 'endTime': Timestamp('2024-01-06 11:35:00'), 'obs_mass_volume': 263.417292, 'obs_duration': 0.08333333333333333, 'obs_rate': 3161.0075039999997, 'obs_rate_unit': 'kg/hr'}]",Compressor-3,"{'value': 263.417292, 'unit': 'kg'}","{'value': 3161.0075039999997, 'unit': 'kg/hr'}",10.0,Event-10
10,RE,"{'value': 0.08333333333333333, 'unit': 'hr'}",2024-01-06 17:25:00,2024-01-06 17:25:00,2024-01-06 17:30:00,VFB-24,"[{'id': 'VFB-24', 'startTime': Timestamp('2024-01-06 17:25:00'), 'endTime': Timestamp('2024-01-06 17:30:00'), 'obs_mass_volume': 333.67572, 'obs_duration': 0.08333333333333333, 'obs_rate': 4004.1086400000004, 'obs_rate_unit': 'kg/hr'}]",Compressor-3,"{'value': 333.67572, 'unit': 'kg'}","{'value': 4004.1086400000004, 'unit': 'kg/hr'}",11.0,Event-11
11,RE,"{'value': 0.08333333333333333, 'unit': 'hr'}",2024-01-07 01:30:00,2024-01-07 01:30:00,2024-01-07 01:35:00,VFB-23,"[{'id': 'VFB-23', 'startTime': Timestamp('2024-01-07 01:30:00'), 'endTime': Timestamp('2024-01-07 01:35:00'), 'obs_mass_volume': 537.58866, 'obs_duration': 0.08333333333333333, 'obs_rate': 6451.0639200000005, 'obs_rate_unit': 'kg/hr'}]",Compressor-2,"{'value': 537.58866, 'unit': 'kg'}","{'value': 6451.0639200000005, 'unit': 'kg/hr'}",12.0,Event-12
12,RE,"{'value': 0.08333333333333333, 'unit': 'hr'}",2024-01-07 09:30:00,2024-01-07 09:30:00,2024-01-07 09:35:00,VFB-22,"[{'id': 'VFB-22', 'startTime': Timestamp('2024-01-07 09:30:00'), 'endTime': Timestamp('2024-01-07 09:35:00'), 'obs_mass_volume': 3515.56962, 'obs_duration': 0.08333333333333333, 'obs_rate': 42186.83544, 'obs_rate_unit': 'kg/hr'}]",Compressor-2,"{'value': 3515.56962, 'unit': 'kg'}","{'value': 42186.83544, 'unit': 'kg/hr'}",13.0,Event-13
13,RE,"{'value': 0.08333333333333333, 'unit': 'hr'}",2024-01-07 11:00:00,2024-01-07 11:00:00,2024-01-07 11:05:00,VFB-21,"[{'id': 'VFB-21', 'startTime': Timestamp('2024-01-07 11:00:00'), 'endTime': Timestamp('2024-01-07 11:05:00'), 'obs_mass_volume': 335.886408, 'obs_duration': 0.08333333333333333, 'obs_rate': 4030.6368960000004, 'obs_rate_unit': 'kg/hr'}]",Compressor-2,"{'value': 335.886408, 'unit': 'kg'}","{'value': 4030.6368960000004, 'unit': 'kg/hr'}",14.0,Event-14
14,RE,"{'value': 0.08333333333333333, 'unit': 'hr'}",2024-01-08 09:35:00,2024-01-08 09:35:00,2024-01-08 09:40:00,VFB-20,"[{'id': 'VFB-20', 'startTime': Timestamp('2024-01-08 09:35:00'), 'endTime': Timestamp('2024-01-08 09:40:00'), 'obs_mass_volume': 311.91426, 'obs_duration': 0.08333333333333333, 'obs_rate': 3742.97112, 'obs_rate_unit': 'kg/hr'}]",Compressor-3,"{'value': 311.91426, 'unit': 'kg'}","{'value': 3742.97112, 'unit': 'kg/hr'}",2.0,Event-02
15,RE,"{'value': 0.08333333333333333, 'unit': 'hr'}",2024-01-10 07:30:00,2024-01-10 07:30:00,2024-01-10 07:35:00,VFB-19,"[{'id': 'VFB-19', 'startTime': Timestamp('2024-01-10 07:30:00'), 'endTime': Timestamp('2024-01-10 07:35:00'), 'obs_mass_volume': 390.3246, 'obs_duration': 0.08333333333333333, 'obs_rate': 4683.8952, 'obs_rate_unit': 'kg/hr'}]",Compressor-2,"{'value': 390.3246, 'unit': 'kg'}","{'value': 4683.8952, 'unit': 'kg/hr'}",1.0,Event-01
16,RE,"{'value': 0.08333333333333333, 'unit': 'hr'}",2024-01-10 09:50:00,2024-01-10 09:50:00,2024-01-10 09:55:00,VFB-18,"[{'id': 'VFB-18', 'startTime': Timestamp('2024-01-10 09:50:00'), 'endTime': Timestamp('2024-01-10 09:55:00'), 'obs_mass_volume': 401.447124, 'obs_duration': 0.08333333333333333, 'obs_rate': 4817.365488, 'obs_rate_unit': 'kg/hr'}]",Compressor-2,"{'value': 401.447124, 'unit': 'kg'}","{'value': 4817.365488, 'unit': 'kg/hr'}",1.0,Event-01
17,RE,"{'value': 0.8333333333333334, 'unit': 'hr'}",2024-01-12 09:45:00,2024-01-12 09:45:00,2024-01-12 10:35:00,VFB-17,"[{'id': 'VFB-17', 'startTime': Timestamp('2024-01-12 09:45:00'), 'endTime': Timestamp('2024-01-12 10:35:00'), 'obs_mass_volume': 606.5022528, 'obs_duration': 0.8333333333333334, 'obs_rate': 727.8027033599999, 'obs_rate_unit': 'kg/hr'}]",Tank-1,"{'value': 606.5022528, 'unit': 'kg'}","{'value': 727.8027033599999, 'unit': 'kg/hr'}",15.0,Event-15
18,RE,"{'value': 0.08333333333333333, 'unit': 'hr'}",2024-01-23 07:10:00,2024-01-23 07:10:00,2024-01-23 07:15:00,VFB-16,"[{'id': 'VFB-16', 'startTime': Timestamp('2024-01-23 07:10:00'), 'endTime': Timestamp('2024-01-23 07:15:00'), 'obs_mass_volume': 416.323212, 'obs_duration': 0.08333333333333333, 'obs_rate': 4995.878544, 'obs_rate_unit': 'kg/hr'}]",Compressor-3,"{'value': 416.323212, 'unit': 'kg'}","{'value': 4995.878544, 'unit': 'kg/hr'}",2.0,Event-02
19,RE,"{'value': 1.0, 'unit': 'hr'}",2024-01-25 09:00:00,2024-01-25 09:00:00,2024-01-25 10:00:00,VFB-15,"[{'id': 'VFB-15', 'startTime': Timestamp('2024-01-25 09:00:00'), 'endTime': Timestamp('2024-01-25 10:00:00'), 'obs_mass_volume': 432.742176, 'obs_duration': 1.0, 'obs_rate': 432.742176, 'obs_rate_unit': 'kg/hr'}]",Tank-1,"{'value': 432.742176, 'unit': 'kg'}","{'value': 432.742176, 'unit': 'kg/hr'}",16.0,Event-16
20,RE,"{'value': 0.08333333333333333, 'unit': 'hr'}",2024-02-03 07:40:00,2024-02-03 07:40:00,2024-02-03 07:45:00,VFB-14,"[{'id': 'VFB-14', 'startTime': Timestamp('2024-02-03 07:40:00'), 'endTime': Timestamp('2024-02-03 07:45:00'), 'obs_mass_volume': 339.847224, 'obs_duration': 0.08333333333333333, 'obs_rate': 4078.166688, 'obs_rate_unit': 'kg/hr'}]",Compressor-2,"{'value': 339.847224, 'unit': 'kg'}","{'value': 4078.166688, 'unit': 'kg/hr'}",1.0,Event-01
21,RE,"{'value': 261.51666666666665, 'unit': 'hr'}",2024-02-05 14:14:00,2024-02-05 14:14:00,2024-02-16 11:45:00,VFB-13,"[{'id': 'VFB-13', 'startTime': Timestamp('2024-02-05 14:14:00'), 'endTime': Timestamp('2024-02-16 11:45:00'), 'obs_mass_volume': 2.065004742, 'obs_duration': 261.51666666666665, 'obs_rate': 0.007896264388502964, 'obs_rate_unit': 'kg/hr'}]",Dehydrator-2,"{'value': 2.065004742, 'unit': 'kg'}","{'value': 0.007896264388502964, 'unit': 'kg/hr'}",17.0,Event-17
22,RE,"{'value': 0.06666666666666667, 'unit': 'hr'}",2024-02-10 08:41:00,2024-02-10 08:41:00,2024-02-10 08:45:00,VFB-12,"[{'id': 'VFB-12', 'startTime': Timestamp('2024-02-10 08:41:00'), 'endTime': Timestamp('2024-02-10 08:45:00'), 'obs_mass_volume': 307.9995, 'obs_duration': 0.06666666666666667, 'obs_rate': 4619.9925, 'obs_rate_unit': 'kg/hr'}]",Compressor-2,"{'value': 307.9995, 'unit': 'kg'}","{'value': 4619.9925, 'unit': 'kg/hr'}",1.0,Event-01
23,RE,"{'value': 0.05, 'unit': 'hr'}",2024-02-10 09:04:00,2024-02-10 09:04:00,2024-02-10 09:07:00,VFB-11,"[{'id': 'VFB-11', 'startTime': Timestamp('2024-02-10 09:04:00'), 'endTime': Timestamp('2024-02-10 09:07:00'), 'obs_mass_volume': 480.05704, 'obs_duration': 0.05, 'obs_rate': 9601.1408, 'obs_rate_unit': 'kg/hr'}]",Compressor-3,"{'value': 480.05704, 'unit': 'kg'}","{'value': 9601.1408, 'unit': 'kg/hr'}",2.0,Event-02
24,RE,"{'value': 0.03333333333333333, 'unit': 'hr'}",2024-02-10 10:14:00,2024-02-10 10:14:00,2024-02-10 10:16:00,VFB-10,"[{'id': 'VFB-10', 'startTime': Timestamp('2024-02-10 10:14:00'), 'endTime': Timestamp('2024-02-10 10:16:00'), 'obs_mass_volume': 541.158, 'obs_duration': 0.03333333333333333, 'obs_rate': 16234.74, 'obs_rate_unit': 'kg/hr'}]",Compressor-2,"{'value': 541.158, 'unit': 'kg'}","{'value': 16234.74, 'unit': 'kg/hr'}",1.0,Event-01
25,RE,"{'value': 0.05, 'unit': 'hr'}",2024-02-10 11:00:00,2024-02-10 11:00:00,2024-02-10 11:03:00,VFB-9,"[{'id': 'VFB-9', 'startTime': Timestamp('2024-02-10 11:00:00'), 'endTime': Timestamp('2024-02-10 11:03:00'), 'obs_mass_volume': 423.1395, 'obs_duration': 0.05, 'obs_rate': 8462.789999999999, 'obs_rate_unit': 'kg/hr'}]",Compressor-2,"{'value': 423.1395, 'unit': 'kg'}","{'value': 8462.789999999999, 'unit': 'kg/hr'}",1.0,Event-01
26,RE,"{'value': 0.6666666666666666, 'unit': 'hr'}",2024-02-13 08:30:00,2024-02-13 08:30:00,2024-02-13 09:10:00,VFB-8,"[{'id': 'VFB-8', 'startTime': Timestamp('2024-02-13 08:30:00'), 'endTime': Timestamp('2024-02-13 09:10:00'), 'obs_mass_volume': 382.3367625, 'obs_duration': 0.6666666666666666, 'obs_rate': 573.5051437500001, 'obs_rate_unit': 'kg/hr'}]",Compressor-2,"{'value': 382.3367625, 'unit': 'kg'}","{'value': 573.5051437500001, 'unit': 'kg/hr'}",1.0,Event-01
27,RE,"{'value': 0.03333333333333333, 'unit': 'hr'}",2024-02-25 07:22:00,2024-02-25 07:22:00,2024-02-25 07:24:00,VFB-7,"[{'id': 'VFB-7', 'startTime': Timestamp('2024-02-25 07:22:00'), 'endTime': Timestamp('2024-02-25 07:24:00'), 'obs_mass_volume': 413.12232, 'obs_duration': 0.03333333333333333, 'obs_rate': 12393.669600000001, 'obs_rate_unit': 'kg/hr'}]",Compressor-1,"{'value': 413.12232, 'unit': 'kg'}","{'value': 12393.669600000001, 'unit': 'kg/hr'}",18.0,Event-18
28,RE,"{'value': 0.03333333333333333, 'unit': 'hr'}",2024-02-26 14:35:00,2024-02-26 14:35:00,2024-02-26 14:37:00,VFB-6,"[{'id': 'VFB-6', 'startTime': Timestamp('2024-02-26 14:35:00'), 'endTime': Timestamp('2024-02-26 14:37:00'), 'obs_mass_volume': 615.999, 'obs_duration': 0.03333333333333333, 'obs_rate': 18479.97, 'obs_rate_unit': 'kg/hr'}]",Compressor-1,"{'value': 615.999, 'unit': 'kg'}","{'value': 18479.97, 'unit': 'kg/hr'}",19.0,Event-19
29,RE,"{'value': 0.08333333333333333, 'unit': 'hr'}",2024-02-29 17:20:00,2024-02-29 17:20:00,2024-02-29 17:25:00,VFB-5,"[{'id': 'VFB-5', 'startTime': Timestamp('2024-02-29 17:20:00'), 'endTime': Timestamp('2024-02-29 17:25:00'), 'obs_mass_volume': 309.03576, 'obs_duration': 0.08333333333333333, 'obs_rate': 3708.42912, 'obs_rate_unit': 'kg/hr'}]",Compressor-3,"{'value': 309.03576, 'unit': 'kg'}","{'value': 3708.42912, 'unit': 'kg/hr'}",2.0,Event-02
30,RE,"{'value': 0.08333333333333333, 'unit': 'hr'}",2024-03-01 11:45:00,2024-03-01 11:45:00,2024-03-01 11:50:00,VFB-4,"[{'id': 'VFB-4', 'startTime': Timestamp('2024-03-01 11:45:00'), 'endTime': Timestamp('2024-03-01 11:50:00'), 'obs_mass_volume': 278.431548, 'obs_duration': 0.08333333333333333, 'obs_rate': 3341.1785760000002, 'obs_rate_unit': 'kg/hr'}]",Compressor-1,"{'value': 278.431548, 'unit': 'kg'}","{'value': 3341.1785760000002, 'unit': 'kg/hr'}",20.0,Event-20
31,RE,"{'value': 0.08333333333333333, 'unit': 'hr'}",2024-03-16 11:10:00,2024-03-16 11:10:00,2024-03-16 11:15:00,VFB-3,"[{'id': 'VFB-3', 'startTime': Timestamp('2024-03-16 11:10:00'), 'endTime': Timestamp('2024-03-16 11:15:00'), 'obs_mass_volume': 347.561604, 'obs_duration': 0.08333333333333333, 'obs_rate': 4170.739248, 'obs_rate_unit': 'kg/hr'}]",Compressor-1,"{'value': 347.561604, 'unit': 'kg'}","{'value': 4170.739248, 'unit': 'kg/hr'}",21.0,Event-21
32,RE,"{'value': 0.08333333333333333, 'unit': 'hr'}",2024-03-18 09:10:00,2024-03-18 09:10:00,2024-03-18 09:15:00,VFB-2,"[{'id': 'VFB-2', 'startTime': Timestamp('2024-03-18 09:10:00'), 'endTime': Timestamp('2024-03-18 09:15:00'), 'obs_mass_volume': 212.77872, 'obs_duration': 0.08333333333333333, 'obs_rate': 2553.3446400000003, 'obs_rate_unit': 'kg/hr'}]",Compressor-2,"{'value': 212.77872, 'unit': 'kg'}","{'value': 2553.3446400000003, 'unit': 'kg/hr'}",1.0,Event-01
33,RE,"{'value': 0.03333333333333333, 'unit': 'hr'}",2024-03-20 14:45:00,2024-03-20 14:45:00,2024-03-20 14:47:00,VFB-1,"[{'id': 'VFB-1', 'startTime': Timestamp('2024-03-20 14:45:00'), 'endTime': Timestamp('2024-03-20 14:47:00'), 'obs_mass_volume': 513.98496, 'obs_duration': 0.03333333333333333, 'obs_rate': 15419.5488, 'obs_rate_unit': 'kg/hr'}]",Compressor-1,"{'value': 513.98496, 'unit': 'kg'}","{'value': 15419.5488, 'unit': 'kg/hr'}",22.0,Event-22
34,RE,"{'value': 0.05, 'unit': 'hr'}",2024-04-02 10:23:00,2024-04-02 10:23:00,2024-04-02 10:26:00,VFB-49,"[{'id': 'VFB-49', 'startTime': Timestamp('2024-04-02 10:23:00'), 'endTime': Timestamp('2024-04-02 10:26:00'), 'obs_mass_volume': 454.11216, 'obs_duration': 0.05, 'obs_rate': 9082.243199999999, 'obs_rate_unit': 'kg/hr'}]",Compressor-3,"{'value': 454.11216, 'unit': 'kg'}","{'value': 9082.243199999999, 'unit': 'kg/hr'}",23.0,Event-23
35,RE,"{'value': 0.1, 'unit': 'hr'}",2024-04-06 09:20:00,2024-04-06 09:20:00,2024-04-06 09:26:00,VFB-48,"[{'id': 'VFB-48', 'startTime': Timestamp('2024-04-06 09:20:00'), 'endTime': Timestamp('2024-04-06 09:26:00'), 'obs_mass_volume': 245.70876, 'obs_duration': 0.1, 'obs_rate': 2457.0876, 'obs_rate_unit': 'kg/hr'}]",Compressor-1,"{'value': 245.70876, 'unit': 'kg'}","{'value': 2457.0876, 'unit': 'kg/hr'}",24.0,Event-24
36,RE,"{'value': 0.08333333333333333, 'unit': 'hr'}",2024-04-20 13:19:00,2024-04-20 13:19:00,2024-04-20 13:24:00,VFB-47,"[{'id': 'VFB-47', 'startTime': Timestamp('2024-04-20 13:19:00'), 'endTime': Timestamp('2024-04-20 13:24:00'), 'obs_mass_volume': 288.0502435, 'obs_duration': 0.08333333333333333, 'obs_rate': 3456.6029220000005, 'obs_rate_unit': 'kg/hr'}]",Compressor-3,"{'value': 288.0502435, 'unit': 'kg'}","{'value': 3456.6029220000005, 'unit': 'kg/hr'}",25.0,Event-25
37,RE,"{'value': 0.18333333333333332, 'unit': 'hr'}",2024-04-22 03:03:00,2024-04-22 03:03:00,2024-04-22 03:14:00,VFB-46,"[{'id': 'VFB-46', 'startTime': Timestamp('2024-04-22 03:03:00'), 'endTime': Timestamp('2024-04-22 03:14:00'), 'obs_mass_volume': 123.0951273, 'obs_duration': 0.18333333333333332, 'obs_rate': 671.4279670909092, 'obs_rate_unit': 'kg/hr'}]",Compressor-3,"{'value': 123.0951273, 'unit': 'kg'}","{'value': 671.4279670909092, 'unit': 'kg/hr'}",26.0,Event-26
38,RE,"{'value': 0.08333333333333333, 'unit': 'hr'}",2024-04-22 06:40:00,2024-04-22 06:40:00,2024-04-22 06:45:00,VFB-45,"[{'id': 'VFB-45', 'startTime': Timestamp('2024-04-22 06:40:00'), 'endTime': Timestamp('2024-04-22 06:45:00'), 'obs_mass_volume': 320.918208, 'obs_duration': 0.08333333333333333, 'obs_rate': 3851.018496, 'obs_rate_unit': 'kg/hr'}]",Compressor-3,"{'value': 320.918208, 'unit': 'kg'}","{'value': 3851.018496, 'unit': 'kg/hr'}",27.0,Event-27
39,RE,"{'value': 0.08333333333333333, 'unit': 'hr'}",2024-04-23 08:20:00,2024-04-23 08:20:00,2024-04-23 08:25:00,VFB-44,"[{'id': 'VFB-44', 'startTime': Timestamp('2024-04-23 08:20:00'), 'endTime': Timestamp('2024-04-23 08:25:00'), 'obs_mass_volume': 415.77054, 'obs_duration': 0.08333333333333333, 'obs_rate': 4989.24648, 'obs_rate_unit': 'kg/hr'}]",Compressor-1,"{'value': 415.77054, 'unit': 'kg'}","{'value': 4989.24648, 'unit': 'kg/hr'}",28.0,Event-28
40,RE,"{'value': 0.08333333333333333, 'unit': 'hr'}",2024-04-23 11:40:00,2024-04-23 11:40:00,2024-04-23 11:45:00,VFB-43,"[{'id': 'VFB-43', 'startTime': Timestamp('2024-04-23 11:40:00'), 'endTime': Timestamp('2024-04-23 11:45:00'), 'obs_mass_volume': 385.903224, 'obs_duration': 0.08333333333333333, 'obs_rate': 4630.838688000001, 'obs_rate_unit': 'kg/hr'}]",Compressor-3,"{'value': 385.903224, 'unit': 'kg'}","{'value': 4630.838688000001, 'unit': 'kg/hr'}",29.0,Event-29
41,RE,"{'value': 0.38333333333333336, 'unit': 'hr'}",2024-04-26 00:12:00,2024-04-26 00:12:00,2024-04-26 00:35:00,VFB-42,"[{'id': 'VFB-42', 'startTime': Timestamp('2024-04-26 00:12:00'), 'endTime': Timestamp('2024-04-26 00:35:00'), 'obs_mass_volume': 53.88552, 'obs_duration': 0.38333333333333336, 'obs_rate': 140.57092173913043, 'obs_rate_unit': 'kg/hr'}]",Compressor-2,"{'value': 53.88552, 'unit': 'kg'}","{'value': 140.57092173913043, 'unit': 'kg/hr'}",30.0,Event-30
42,RE,"{'value': 0.16666666666666666, 'unit': 'hr'}",2024-04-26 22:20:00,2024-04-26 22:20:00,2024-04-26 22:30:00,VFB-41,"[{'id': 'VFB-41', 'startTime': Timestamp('2024-04-26 22:20:00'), 'endTime': Timestamp('2024-04-26 22:30:00'), 'obs_mass_volume': 119.377152, 'obs_duration': 0.16666666666666666, 'obs_rate': 716.262912, 'obs_rate_unit': 'kg/hr'}]",Compressor-1,"{'value': 119.377152, 'unit': 'kg'}","{'value': 716.262912, 'unit': 'kg/hr'}",31.0,Event-31
43,RE,"{'value': 0.18333333333333332, 'unit': 'hr'}",2024-04-27 08:24:00,2024-04-27 08:24:00,2024-04-27 08:35:00,VFB-40,"[{'id': 'VFB-40', 'startTime': Timestamp('2024-04-27 08:24:00'), 'endTime': Timestamp('2024-04-27 08:35:00'), 'obs_mass_volume': 147.8502273, 'obs_duration': 0.18333333333333332, 'obs_rate': 806.4557852727273, 'obs_rate_unit': 'kg/hr'}]",Compressor-2,"{'value': 147.8502273, 'unit': 'kg'}","{'value': 806.4557852727273, 'unit': 'kg/hr'}",32.0,Event-32
44,RE,"{'value': 0.26666666666666666, 'unit': 'hr'}",2024-04-27 15:08:00,2024-04-27 15:08:00,2024-04-27 15:24:00,VFB-39,"[{'id': 'VFB-39', 'startTime': Timestamp('2024-04-27 15:08:00'), 'endTime': Timestamp('2024-04-27 15:24:00'), 'obs_mass_volume': 122.4585863, 'obs_duration': 0.26666666666666666, 'obs_rate': 459.219698625, 'obs_rate_unit': 'kg/hr'}]",Tank-3,"{'value': 122.4585863, 'unit': 'kg'}","{'value': 459.219698625, 'unit': 'kg/hr'}",33.0,Event-33
45,RE,"{'value': 0.11666666666666667, 'unit': 'hr'}",2024-04-29 23:13:00,2024-04-29 23:13:00,2024-04-29 23:20:00,VFB-38,"[{'id': 'VFB-38', 'startTime': Timestamp('2024-04-29 23:13:00'), 'endTime': Timestamp('2024-04-29 23:20:00'), 'obs_mass_volume': 176.3286857, 'obs_duration': 0.11666666666666667, 'obs_rate': 1511.3887345714286, 'obs_rate_unit': 'kg/hr'}]",Compressor-1,"{'value': 176.3286857, 'unit': 'kg'}","{'value': 1511.3887345714286, 'unit': 'kg/hr'}",34.0,Event-34
46,RE,"{'value': 0.1, 'unit': 'hr'}",2024-04-29 23:20:00,2024-04-29 23:20:00,2024-04-29 23:26:00,VFB-37,"[{'id': 'VFB-37', 'startTime': Timestamp('2024-04-29 23:20:00'), 'endTime': Timestamp('2024-04-29 23:26:00'), 'obs_mass_volume': 229.5124, 'obs_duration': 0.1, 'obs_rate': 2295.124, 'obs_rate_unit': 'kg/hr'}]",Compressor-2,"{'value': 229.5124, 'unit': 'kg'}","{'value': 2295.124, 'unit': 'kg/hr'}",35.0,Event-35
47,RE,"{'value': 0.13333333333333333, 'unit': 'hr'}",2024-04-30 02:05:00,2024-04-30 02:05:00,2024-04-30 02:13:00,VFB-36,"[{'id': 'VFB-36', 'startTime': Timestamp('2024-04-30 02:05:00'), 'endTime': Timestamp('2024-04-30 02:13:00'), 'obs_mass_volume': 266.693025, 'obs_duration': 0.13333333333333333, 'obs_rate': 2000.1976874999998, 'obs_rate_unit': 'kg/hr'}]",Compressor-3,"{'value': 266.693025, 'unit': 'kg'}","{'value': 2000.1976874999998, 'unit': 'kg/hr'}",36.0,Event-36
48,RE,"{'value': 0.15, 'unit': 'hr'}",2024-04-30 04:10:00,2024-04-30 04:10:00,2024-04-30 04:19:00,VFB-35,"[{'id': 'VFB-35', 'startTime': Timestamp('2024-04-30 04:10:00'), 'endTime': Timestamp('2024-04-30 04:19:00'), 'obs_mass_volume': 221.6445, 'obs_duration': 0.15, 'obs_rate': 1477.63, 'obs_rate_unit': 'kg/hr'}]",Compressor-2,"{'value': 221.6445, 'unit': 'kg'}","{'value': 1477.63, 'unit': 'kg/hr'}",37.0,Event-37
49,RE,"{'value': 0.21666666666666667, 'unit': 'hr'}",2024-04-30 06:37:00,2024-04-30 06:37:00,2024-04-30 06:50:00,VFB-34,"[{'id': 'VFB-34', 'startTime': Timestamp('2024-04-30 06:37:00'), 'endTime': Timestamp('2024-04-30 06:50:00'), 'obs_mass_volume': 1152.179409, 'obs_duration': 0.21666666666666667, 'obs_rate': 5317.751118461539, 'obs_rate_unit': 'kg/hr'}]",Tank-2,"{'value': 1152.179409, 'unit': 'kg'}","{'value': 5317.751118461539, 'unit': 'kg/hr'}",38.0,Event-38
50,RE,"{'value': 0.18333333333333332, 'unit': 'hr'}",2024-04-30 08:12:00,2024-04-30 08:12:00,2024-04-30 08:23:00,VFB-33,"[{'id': 'VFB-33', 'startTime': Timestamp('2024-04-30 08:12:00'), 'endTime': Timestamp('2024-04-30 08:23:00'), 'obs_mass_volume': 109.6970182, 'obs_duration': 0.18333333333333332, 'obs_rate': 598.3473720000001, 'obs_rate_unit': 'kg/hr'}]",Compressor-2,"{'value': 109.6970182, 'unit': 'kg'}","{'value': 598.3473720000001, 'unit': 'kg/hr'}",39.0,Event-39
51,RE,"{'value': 0.13333333333333333, 'unit': 'hr'}",2024-04-30 09:50:00,2024-04-30 09:50:00,2024-04-30 09:58:00,VFB-32,"[{'id': 'VFB-32', 'startTime': Timestamp('2024-04-30 09:50:00'), 'endTime': Timestamp('2024-04-30 09:58:00'), 'obs_mass_volume': 182.61204, 'obs_duration': 0.13333333333333333, 'obs_rate': 1369.5903, 'obs_rate_unit': 'kg/hr'}]",Compressor-3,"{'value': 182.61204, 'unit': 'kg'}","{'value': 1369.5903, 'unit': 'kg/hr'}",40.0,Event-40
52,PRE,"{'value': 16.5, 'unit': 'hr'}",2024-01-01 02:16:00,2024-01-01 02:16:00,2024-01-01 18:46:00,CMS-89,"[{'id': 'CMS-89', 'startTime': Timestamp('2024-01-01 02:16:00'), 'endTime': Timestamp('2024-01-01 18:46:00'), 'obs_mass_volume': 221.71760523, 'obs_duration': 16.5, 'obs_rate': 13.43743062, 'obs_rate_unit': 'kg/hr'}]",Compressor-3,"{'value': 221.71760523, 'unit': 'kg'}","{'value': 13.43743062, 'unit': 'kg/hr'}",4.0,Event-04
53,PRE,"{'value': 7.333333333333333, 'unit': 'hr'}",2024-01-01 17:12:00,2024-01-01 17:12:00,2024-01-02 00:32:00,CMS-88,"[{'id': 'CMS-88', 'startTime': Timestamp('2024-01-01 17:12:00'), 'endTime': Timestamp('2024-01-02 00:32:00'), 'obs_mass_volume': 81.06107826666667, 'obs_duration': 7.333333333333333, 'obs_rate': 11.0537834, 'obs_rate_unit': 'kg/hr'}]",Compressor-2,"{'value': 81.06107826666667, 'unit': 'kg'}","{'value': 11.0537834, 'unit': 'kg/hr'}",41.0,Event-41
54,PRE,"{'value': 17.6, 'unit': 'hr'}",2024-01-02 08:38:00,2024-01-02 08:38:00,2024-01-03 02:14:00,CMS-87,"[{'id': 'CMS-87', 'startTime': Timestamp('2024-01-02 08:38:00'), 'endTime': Timestamp('2024-01-03 02:14:00'), 'obs_mass_volume': 114.15333503200002, 'obs_duration': 17.6, 'obs_rate': 6.485984945, 'obs_rate_unit': 'kg/hr'}]",Dehydrator-1,"{'value': 114.15333503200002, 'unit': 'kg'}","{'value': 6.485984945, 'unit': 'kg/hr'}",42.0,Event-42
55,PRE,"{'value': 16.583333333333332, 'unit': 'hr'}",2024-01-03 01:20:00,2024-01-03 01:20:00,2024-01-03 17:55:00,CMS-86,"[{'id': 'CMS-86', 'startTime': Timestamp('2024-01-03 01:20:00'), 'endTime': Timestamp('2024-01-03 17:55:00'), 'obs_mass_volume': 161.60948495208333, 'obs_duration': 16.583333333333332, 'obs_rate': 9.745295575, 'obs_rate_unit': 'kg/hr'}]",Dehydrator-1,"{'value': 161.60948495208333, 'unit': 'kg'}","{'value': 9.745295575, 'unit': 'kg/hr'}",42.0,Event-42
56,PRE,"{'value': 3.55, 'unit': 'hr'}",2024-01-03 23:33:00,2024-01-03 23:33:00,2024-01-04 03:06:00,CMS-85,"[{'id': 'CMS-85', 'startTime': Timestamp('2024-01-03 23:33:00'), 'endTime': Timestamp('2024-01-04 03:06:00'), 'obs_mass_volume': 18.7439190387, 'obs_duration': 3.55, 'obs_rate': 5.279977194, 'obs_rate_unit': 'kg/hr'}]",Dehydrator-1,"{'value': 18.7439190387, 'unit': 'kg'}","{'value': 5.279977194, 'unit': 'kg/hr'}",43.0,Event-43
57,PRE,"{'value': 8.383333333333333, 'unit': 'hr'}",2024-01-04 12:02:00,2024-01-04 12:02:00,2024-01-04 20:25:00,CMS-84,"[{'id': 'CMS-84', 'startTime': Timestamp('2024-01-04 12:02:00'), 'endTime': Timestamp('2024-01-04 20:25:00'), 'obs_mass_volume': 372.583919997, 'obs_duration': 8.383333333333333, 'obs_rate': 44.44340994, 'obs_rate_unit': 'kg/hr'}]",Dehydrator-1,"{'value': 372.583919997, 'unit': 'kg'}","{'value': 44.44340994, 'unit': 'kg/hr'}",44.0,Event-44
58,PRE,"{'value': 1.8, 'unit': 'hr'}",2024-01-05 12:21:00,2024-01-05 12:21:00,2024-01-05 14:09:00,CMS-83,"[{'id': 'CMS-83', 'startTime': Timestamp('2024-01-05 12:21:00'), 'endTime': Timestamp('2024-01-05 14:09:00'), 'obs_mass_volume': 47.655812159999996, 'obs_duration': 1.8, 'obs_rate': 26.4754512, 'obs_rate_unit': 'kg/hr'}]",Dehydrator-1,"{'value': 47.655812159999996, 'unit': 'kg'}","{'value': 26.4754512, 'unit': 'kg/hr'}",45.0,Event-45
59,PRE,"{'value': 20.383333333333333, 'unit': 'hr'}",2024-01-05 18:40:00,2024-01-05 18:40:00,2024-01-06 15:03:00,CMS-82,"[{'id': 'CMS-82', 'startTime': Timestamp('2024-01-05 18:40:00'), 'endTime': Timestamp('2024-01-06 15:03:00'), 'obs_mass_volume': 209.80904790166667, 'obs_duration': 20.383333333333333, 'obs_rate': 10.2931667, 'obs_rate_unit': 'kg/hr'}]",Dehydrator-1,"{'value': 209.80904790166667, 'unit': 'kg'}","{'value': 10.2931667, 'unit': 'kg/hr'}",46.0,Event-46
60,PRE,"{'value': 17.733333333333334, 'unit': 'hr'}",2024-01-06 12:55:00,2024-01-06 12:55:00,2024-01-07 06:39:00,CMS-81,"[{'id': 'CMS-81', 'startTime': Timestamp('2024-01-06 12:55:00'), 'endTime': Timestamp('2024-01-07 06:39:00'), 'obs_mass_volume': 406.17993513066665, 'obs_duration': 17.733333333333334, 'obs_rate': 22.90488356, 'obs_rate_unit': 'kg/hr'}]",Dehydrator-1,"{'value': 406.17993513066665, 'unit': 'kg'}","{'value': 22.90488356, 'unit': 'kg/hr'}",46.0,Event-46
61,PRE,"{'value': 4.1, 'unit': 'hr'}",2024-01-07 03:28:00,2024-01-07 03:28:00,2024-01-07 07:34:00,CMS-80,"[{'id': 'CMS-80', 'startTime': Timestamp('2024-01-07 03:28:00'), 'endTime': Timestamp('2024-01-07 07:34:00'), 'obs_mass_volume': 17.967644101999998, 'obs_duration': 4.1, 'obs_rate': 4.38235222, 'obs_rate_unit': 'kg/hr'}]",Dehydrator-1,"{'value': 17.967644101999998, 'unit': 'kg'}","{'value': 4.38235222, 'unit': 'kg/hr'}",47.0,Event-47
62,PRE,"{'value': 13.333333333333334, 'unit': 'hr'}",2024-01-07 15:50:00,2024-01-07 15:50:00,2024-01-08 05:10:00,CMS-79,"[{'id': 'CMS-79', 'startTime': Timestamp('2024-01-07 15:50:00'), 'endTime': Timestamp('2024-01-08 05:10:00'), 'obs_mass_volume': 209.17235306666666, 'obs_duration': 13.333333333333334, 'obs_rate': 15.68792648, 'obs_rate_unit': 'kg/hr'}]",Dehydrator-1,"{'value': 209.17235306666666, 'unit': 'kg'}","{'value': 15.68792648, 'unit': 'kg/hr'}",48.0,Event-48
63,PRE,"{'value': 8.416666666666666, 'unit': 'hr'}",2024-01-08 21:11:00,2024-01-08 21:11:00,2024-01-09 05:36:00,CMS-78,"[{'id': 'CMS-78', 'startTime': Timestamp('2024-01-08 21:11:00'), 'endTime': Timestamp('2024-01-09 05:36:00'), 'obs_mass_volume': 193.6957604733333, 'obs_duration': 8.416666666666666, 'obs_rate': 23.01335768, 'obs_rate_unit': 'kg/hr'}]",Dehydrator-1,"{'value': 193.6957604733333, 'unit': 'kg'}","{'value': 23.01335768, 'unit': 'kg/hr'}",49.0,Event-49
64,PRE,"{'value': 10.65, 'unit': 'hr'}",2024-01-09 04:54:00,2024-01-09 04:54:00,2024-01-09 15:33:00,CMS-77,"[{'id': 'CMS-77', 'startTime': Timestamp('2024-01-09 04:54:00'), 'endTime': Timestamp('2024-01-09 15:33:00'), 'obs_mass_volume': 175.32180473850002, 'obs_duration': 10.65, 'obs_rate': 16.46214129, 'obs_rate_unit': 'kg/hr'}]",Dehydrator-1,"{'value': 175.32180473850002, 'unit': 'kg'}","{'value': 16.46214129, 'unit': 'kg/hr'}",49.0,Event-49
65,PRE,"{'value': 14.266666666666667, 'unit': 'hr'}",2024-01-09 20:05:00,2024-01-09 20:05:00,2024-01-10 10:21:00,CMS-76,"[{'id': 'CMS-76', 'startTime': Timestamp('2024-01-09 20:05:00'), 'endTime': Timestamp('2024-01-10 10:21:00'), 'obs_mass_volume': 93.81651690320001, 'obs_duration': 14.266666666666667, 'obs_rate': 6.575924082, 'obs_rate_unit': 'kg/hr'}]",Dehydrator-1,"{'value': 93.81651690320001, 'unit': 'kg'}","{'value': 6.575924082, 'unit': 'kg/hr'}",50.0,Event-50
66,PRE,"{'value': 35.43333333333333, 'unit': 'hr'}",2024-01-10 09:17:00,2024-01-10 09:17:00,2024-01-11 20:43:00,CMS-75,"[{'id': 'CMS-75', 'startTime': Timestamp('2024-01-10 09:17:00'), 'endTime': Timestamp('2024-01-11 20:43:00'), 'obs_mass_volume': 353.422099615, 'obs_duration': 35.43333333333333, 'obs_rate': 9.97428315, 'obs_rate_unit': 'kg/hr'}]",Dehydrator-1,"{'value': 353.422099615, 'unit': 'kg'}","{'value': 9.97428315, 'unit': 'kg/hr'}",50.0,Event-50
67,PRE,"{'value': 72.56666666666666, 'unit': 'hr'}",2024-01-12 08:57:00,2024-01-12 08:57:00,2024-01-15 09:31:00,CMS-74,"[{'id': 'CMS-74', 'startTime': Timestamp('2024-01-12 08:57:00'), 'endTime': Timestamp('2024-01-15 09:31:00'), 'obs_mass_volume': 2873.843431942, 'obs_duration': 72.56666666666666, 'obs_rate': 39.60280338, 'obs_rate_unit': 'kg/hr'}]",Dehydrator-1,"{'value': 2873.843431942, 'unit': 'kg'}","{'value': 39.60280338, 'unit': 'kg/hr'}",51.0,Event-51
68,PRE,"{'value': 3.183333333333333, 'unit': 'hr'}",2024-01-15 09:19:00,2024-01-15 09:19:00,2024-01-15 12:30:00,CMS-73,"[{'id': 'CMS-73', 'startTime': Timestamp('2024-01-15 09:19:00'), 'endTime': Timestamp('2024-01-15 12:30:00'), 'obs_mass_volume': 14.744936700133334, 'obs_duration': 3.183333333333333, 'obs_rate': 4.631917288, 'obs_rate_unit': 'kg/hr'}]",Dehydrator-1,"{'value': 14.744936700133334, 'unit': 'kg'}","{'value': 4.631917288, 'unit': 'kg/hr'}",51.0,Event-51
69,PRE,"{'value': 18.333333333333332, 'unit': 'hr'}",2024-01-15 11:46:00,2024-01-15 11:46:00,2024-01-16 06:06:00,CMS-72,"[{'id': 'CMS-72', 'startTime': Timestamp('2024-01-15 11:46:00'), 'endTime': Timestamp('2024-01-16 06:06:00'), 'obs_mass_volume': 2330.8976735, 'obs_duration': 18.333333333333332, 'obs_rate': 127.1398731, 'obs_rate_unit': 'kg/hr'}]",Compressor-2,"{'value': 2330.8976735, 'unit': 'kg'}","{'value': 127.1398731, 'unit': 'kg/hr'}",1.0,Event-01
70,PRE,"{'value': 15.366666666666667, 'unit': 'hr'}",2024-01-16 11:53:00,2024-01-16 11:53:00,2024-01-17 03:15:00,CMS-71,"[{'id': 'CMS-71', 'startTime': Timestamp('2024-01-16 11:53:00'), 'endTime': Timestamp('2024-01-17 03:15:00'), 'obs_mass_volume': 780.8339278103333, 'obs_duration': 15.366666666666667, 'obs_rate': 50.81348771, 'obs_rate_unit': 'kg/hr'}]",Compressor-3,"{'value': 780.8339278103333, 'unit': 'kg'}","{'value': 50.81348771, 'unit': 'kg/hr'}",2.0,Event-02
71,PRE,"{'value': 60.766666666666666, 'unit': 'hr'}",2024-01-17 10:29:00,2024-01-17 10:29:00,2024-01-19 23:15:00,CMS-70,"[{'id': 'CMS-70', 'startTime': Timestamp('2024-01-17 10:29:00'), 'endTime': Timestamp('2024-01-19 23:15:00'), 'obs_mass_volume': 599.4853836891999, 'obs_duration': 60.766666666666666, 'obs_rate': 9.865365612, 'obs_rate_unit': 'kg/hr'}]",Compressor-2,"{'value': 599.4853836891999, 'unit': 'kg'}","{'value': 9.865365612, 'unit': 'kg/hr'}",1.0,Event-01
72,PRE,"{'value': 6.3, 'unit': 'hr'}",2024-01-20 17:49:00,2024-01-20 17:49:00,2024-01-21 00:07:00,CMS-69,"[{'id': 'CMS-69', 'startTime': Timestamp('2024-01-20 17:49:00'), 'endTime': Timestamp('2024-01-21 00:07:00'), 'obs_mass_volume': 49.33367039789999, 'obs_duration': 6.3, 'obs_rate': 7.830741333, 'obs_rate_unit': 'kg/hr'}]",Tank-2,"{'value': 49.33367039789999, 'unit': 'kg'}","{'value': 7.830741333, 'unit': 'kg/hr'}",52.0,Event-52
73,PRE,"{'value': 16.766666666666666, 'unit': 'hr'}",2024-01-21 07:16:00,2024-01-21 07:16:00,2024-01-22 00:02:00,CMS-68,"[{'id': 'CMS-68', 'startTime': Timestamp('2024-01-21 07:16:00'), 'endTime': Timestamp('2024-01-22 00:02:00'), 'obs_mass_volume': 122.06744396176666, 'obs_duration': 16.766666666666666, 'obs_rate': 7.280364451, 'obs_rate_unit': 'kg/hr'}]",Compressor-2,"{'value': 122.06744396176666, 'unit': 'kg'}","{'value': 7.280364451, 'unit': 'kg/hr'}",1.0,Event-01
74,PRE,"{'value': 4.85, 'unit': 'hr'}",2024-01-22 02:24:00,2024-01-22 02:24:00,2024-01-22 07:15:00,CMS-67,"[{'id': 'CMS-67', 'startTime': Timestamp('2024-01-22 02:24:00'), 'endTime': Timestamp('2024-01-22 07:15:00'), 'obs_mass_volume': 9.080818600199999, 'obs_duration': 4.85, 'obs_rate': 1.872333732, 'obs_rate_unit': 'kg/hr'}]",Compressor-3,"{'value': 9.080818600199999, 'unit': 'kg'}","{'value': 1.872333732, 'unit': 'kg/hr'}",2.0,Event-02
75,PRE,"{'value': 19.133333333333333, 'unit': 'hr'}",2024-01-22 06:48:00,2024-01-22 06:48:00,2024-01-23 01:56:00,CMS-66,"[{'id': 'CMS-66', 'startTime': Timestamp('2024-01-22 06:48:00'), 'endTime': Timestamp('2024-01-23 01:56:00'), 'obs_mass_volume': 212.75448640133334, 'obs_duration': 19.133333333333333, 'obs_rate': 11.11957246, 'obs_rate_unit': 'kg/hr'}]",Compressor-3,"{'value': 212.75448640133334, 'unit': 'kg'}","{'value': 11.11957246, 'unit': 'kg/hr'}",2.0,Event-02
76,PRE,"{'value': 13.9, 'unit': 'hr'}",2024-01-22 13:05:00,2024-01-22 13:05:00,2024-01-23 02:59:00,CMS-65,"[{'id': 'CMS-65', 'startTime': Timestamp('2024-01-22 13:05:00'), 'endTime': Timestamp('2024-01-23 02:59:00'), 'obs_mass_volume': 219.468359896, 'obs_duration': 13.9, 'obs_rate': 15.78909064, 'obs_rate_unit': 'kg/hr'}]",Tank-1,"{'value': 219.468359896, 'unit': 'kg'}","{'value': 15.78909064, 'unit': 'kg/hr'}",53.0,Event-53
77,PRE,"{'value': 16.416666666666668, 'unit': 'hr'}",2024-01-23 16:02:00,2024-01-23 16:02:00,2024-01-24 08:27:00,CMS-63,"[{'id': 'CMS-63', 'startTime': Timestamp('2024-01-23 16:02:00'), 'endTime': Timestamp('2024-01-24 08:27:00'), 'obs_mass_volume': 319.9856105158334, 'obs_duration': 16.416666666666668, 'obs_rate': 19.49150927, 'obs_rate_unit': 'kg/hr'}]",Dehydrator-1,"{'value': 319.9856105158334, 'unit': 'kg'}","{'value': 19.49150927, 'unit': 'kg/hr'}",54.0,Event-54
78,PRE,"{'value': 14.416666666666666, 'unit': 'hr'}",2024-01-23 16:02:00,2024-01-23 16:02:00,2024-01-24 06:27:00,CMS-64,"[{'id': 'CMS-64', 'startTime': Timestamp('2024-01-23 16:02:00'), 'endTime': Timestamp('2024-01-24 06:27:00'), 'obs_mass_volume': 393.7448222783333, 'obs_duration': 14.416666666666666, 'obs_rate': 27.31177958, 'obs_rate_unit': 'kg/hr'}]",Dehydrator-1,"{'value': 393.7448222783333, 'unit': 'kg'}","{'value': 27.31177958, 'unit': 'kg/hr'}",54.0,Event-54
79,PRE,"{'value': 10.666666666666666, 'unit': 'hr'}",2024-01-24 15:06:00,2024-01-24 15:06:00,2024-01-25 01:46:00,CMS-62,"[{'id': 'CMS-62', 'startTime': Timestamp('2024-01-24 15:06:00'), 'endTime': Timestamp('2024-01-25 01:46:00'), 'obs_mass_volume': 191.2451582933333, 'obs_duration': 10.666666666666666, 'obs_rate': 17.92923359, 'obs_rate_unit': 'kg/hr'}]",Dehydrator-1,"{'value': 191.2451582933333, 'unit': 'kg'}","{'value': 17.92923359, 'unit': 'kg/hr'}",55.0,Event-55
80,PRE,"{'value': 12.383333333333333, 'unit': 'hr'}",2024-01-25 16:45:00,2024-01-25 16:45:00,2024-01-26 05:08:00,CMS-61,"[{'id': 'CMS-61', 'startTime': Timestamp('2024-01-25 16:45:00'), 'endTime': Timestamp('2024-01-26 05:08:00'), 'obs_mass_volume': 240.37256248116665, 'obs_duration': 12.383333333333333, 'obs_rate': 19.41097409, 'obs_rate_unit': 'kg/hr'}]",Dehydrator-1,"{'value': 240.37256248116665, 'unit': 'kg'}","{'value': 19.41097409, 'unit': 'kg/hr'}",56.0,Event-56
81,PRE,"{'value': 16.766666666666666, 'unit': 'hr'}",2024-01-26 13:50:00,2024-01-26 13:50:00,2024-01-27 06:36:00,CMS-60,"[{'id': 'CMS-60', 'startTime': Timestamp('2024-01-26 13:50:00'), 'endTime': Timestamp('2024-01-27 06:36:00'), 'obs_mass_volume': 374.74405668266667, 'obs_duration': 16.766666666666666, 'obs_rate': 22.35054016, 'obs_rate_unit': 'kg/hr'}]",Dehydrator-1,"{'value': 374.74405668266667, 'unit': 'kg'}","{'value': 22.35054016, 'unit': 'kg/hr'}",57.0,Event-57
82,PRE,"{'value': 6.383333333333334, 'unit': 'hr'}",2024-01-27 01:45:00,2024-01-27 01:45:00,2024-01-27 08:08:00,CMS-59,"[{'id': 'CMS-59', 'startTime': Timestamp('2024-01-27 01:45:00'), 'endTime': Timestamp('2024-01-27 08:08:00'), 'obs_mass_volume': 89.25858030050001, 'obs_duration': 6.383333333333334, 'obs_rate': 13.98306741, 'obs_rate_unit': 'kg/hr'}]",Dehydrator-1,"{'value': 89.25858030050001, 'unit': 'kg'}","{'value': 13.98306741, 'unit': 'kg/hr'}",57.0,Event-57
83,PRE,"{'value': 17.083333333333332, 'unit': 'hr'}",2024-01-27 10:10:00,2024-01-27 10:10:00,2024-01-28 03:15:00,CMS-57,"[{'id': 'CMS-57', 'startTime': Timestamp('2024-01-27 10:10:00'), 'endTime': Timestamp('2024-01-28 03:15:00'), 'obs_mass_volume': 223.78645812916668, 'obs_duration': 17.083333333333332, 'obs_rate': 13.09969511, 'obs_rate_unit': 'kg/hr'}]",Dehydrator-1,"{'value': 223.78645812916668, 'unit': 'kg'}","{'value': 13.09969511, 'unit': 'kg/hr'}",58.0,Event-58
84,PRE,"{'value': 13.45, 'unit': 'hr'}",2024-01-27 10:10:00,2024-01-27 10:10:00,2024-01-27 23:37:00,CMS-58,"[{'id': 'CMS-58', 'startTime': Timestamp('2024-01-27 10:10:00'), 'endTime': Timestamp('2024-01-27 23:37:00'), 'obs_mass_volume': 215.759474539, 'obs_duration': 13.45, 'obs_rate': 16.04159662, 'obs_rate_unit': 'kg/hr'}]",Dehydrator-1,"{'value': 215.759474539, 'unit': 'kg'}","{'value': 16.04159662, 'unit': 'kg/hr'}",58.0,Event-58
85,PRE,"{'value': 8.266666666666667, 'unit': 'hr'}",2024-01-28 15:43:00,2024-01-28 15:43:00,2024-01-28 23:59:00,CMS-56,"[{'id': 'CMS-56', 'startTime': Timestamp('2024-01-28 15:43:00'), 'endTime': Timestamp('2024-01-28 23:59:00'), 'obs_mass_volume': 83.09216803733335, 'obs_duration': 8.266666666666667, 'obs_rate': 10.05147194, 'obs_rate_unit': 'kg/hr'}]",Dehydrator-1,"{'value': 83.09216803733335, 'unit': 'kg'}","{'value': 10.05147194, 'unit': 'kg/hr'}",59.0,Event-59
86,PRE,"{'value': 8.8, 'unit': 'hr'}",2024-01-29 15:48:00,2024-01-29 15:48:00,2024-01-30 00:36:00,CMS-55,"[{'id': 'CMS-55', 'startTime': Timestamp('2024-01-29 15:48:00'), 'endTime': Timestamp('2024-01-30 00:36:00'), 'obs_mass_volume': 111.572994808, 'obs_duration': 8.8, 'obs_rate': 12.67874941, 'obs_rate_unit': 'kg/hr'}]",Dehydrator-1,"{'value': 111.572994808, 'unit': 'kg'}","{'value': 12.67874941, 'unit': 'kg/hr'}",60.0,Event-60
87,PRE,"{'value': 10.25, 'unit': 'hr'}",2024-01-31 17:15:00,2024-01-31 17:15:00,2024-02-01 03:30:00,CMS-54,"[{'id': 'CMS-54', 'startTime': Timestamp('2024-01-31 17:15:00'), 'endTime': Timestamp('2024-02-01 03:30:00'), 'obs_mass_volume': 619.916976045, 'obs_duration': 10.25, 'obs_rate': 60.47970498, 'obs_rate_unit': 'kg/hr'}]",Dehydrator-1,"{'value': 619.916976045, 'unit': 'kg'}","{'value': 60.47970498, 'unit': 'kg/hr'}",61.0,Event-61
88,PRE,"{'value': 8.883333333333333, 'unit': 'hr'}",2024-02-01 13:45:00,2024-02-01 13:45:00,2024-02-01 22:38:00,CMS-53,"[{'id': 'CMS-53', 'startTime': Timestamp('2024-02-01 13:45:00'), 'endTime': Timestamp('2024-02-01 22:38:00'), 'obs_mass_volume': 95.73022887783333, 'obs_duration': 8.883333333333333, 'obs_rate': 10.77638599, 'obs_rate_unit': 'kg/hr'}]",Dehydrator-1,"{'value': 95.73022887783333, 'unit': 'kg'}","{'value': 10.77638599, 'unit': 'kg/hr'}",62.0,Event-62
89,PRE,"{'value': 6.666666666666667, 'unit': 'hr'}",2024-02-02 23:30:00,2024-02-02 23:30:00,2024-02-03 06:10:00,CMS-52,"[{'id': 'CMS-52', 'startTime': Timestamp('2024-02-02 23:30:00'), 'endTime': Timestamp('2024-02-03 06:10:00'), 'obs_mass_volume': 165.23577466666666, 'obs_duration': 6.666666666666667, 'obs_rate': 24.7853662, 'obs_rate_unit': 'kg/hr'}]",Dehydrator-1,"{'value': 165.23577466666666, 'unit': 'kg'}","{'value': 24.7853662, 'unit': 'kg/hr'}",63.0,Event-63
90,PRE,"{'value': 4.833333333333333, 'unit': 'hr'}",2024-02-03 11:03:00,2024-02-03 11:03:00,2024-02-03 15:53:00,CMS-51,"[{'id': 'CMS-51', 'startTime': Timestamp('2024-02-03 11:03:00'), 'endTime': Timestamp('2024-02-03 15:53:00'), 'obs_mass_volume': 83.12585399166666, 'obs_duration': 4.833333333333333, 'obs_rate': 17.19845255, 'obs_rate_unit': 'kg/hr'}]",Dehydrator-1,"{'value': 83.12585399166666, 'unit': 'kg'}","{'value': 17.19845255, 'unit': 'kg/hr'}",64.0,Event-64
91,PRE,"{'value': 18.45, 'unit': 'hr'}",2024-02-04 13:38:00,2024-02-04 13:38:00,2024-02-05 08:05:00,CMS-50,"[{'id': 'CMS-50', 'startTime': Timestamp('2024-02-04 13:38:00'), 'endTime': Timestamp('2024-02-05 08:05:00'), 'obs_mass_volume': 432.793129959, 'obs_duration': 18.45, 'obs_rate': 23.45762222, 'obs_rate_unit': 'kg/hr'}]",Dehydrator-1,"{'value': 432.793129959, 'unit': 'kg'}","{'value': 23.45762222, 'unit': 'kg/hr'}",65.0,Event-65
92,PRE,"{'value': 5.1, 'unit': 'hr'}",2024-02-07 04:05:00,2024-02-07 04:05:00,2024-02-07 09:11:00,CMS-49,"[{'id': 'CMS-49', 'startTime': Timestamp('2024-02-07 04:05:00'), 'endTime': Timestamp('2024-02-07 09:11:00'), 'obs_mass_volume': 75.795807351, 'obs_duration': 5.1, 'obs_rate': 14.86192301, 'obs_rate_unit': 'kg/hr'}]",Dehydrator-1,"{'value': 75.795807351, 'unit': 'kg'}","{'value': 14.86192301, 'unit': 'kg/hr'}",66.0,Event-66
93,PRE,"{'value': 4.516666666666667, 'unit': 'hr'}",2024-02-07 17:09:00,2024-02-07 17:09:00,2024-02-07 21:40:00,CMS-48,"[{'id': 'CMS-48', 'startTime': Timestamp('2024-02-07 17:09:00'), 'endTime': Timestamp('2024-02-07 21:40:00'), 'obs_mass_volume': 61.99801921866667, 'obs_duration': 4.516666666666667, 'obs_rate': 13.72649872, 'obs_rate_unit': 'kg/hr'}]",Dehydrator-1,"{'value': 61.99801921866667, 'unit': 'kg'}","{'value': 13.72649872, 'unit': 'kg/hr'}",67.0,Event-67
94,PRE,"{'value': 5.8, 'unit': 'hr'}",2024-02-08 08:39:00,2024-02-08 08:39:00,2024-02-08 14:27:00,CMS-47,"[{'id': 'CMS-47', 'startTime': Timestamp('2024-02-08 08:39:00'), 'endTime': Timestamp('2024-02-08 14:27:00'), 'obs_mass_volume': 99.92962169600001, 'obs_duration': 5.8, 'obs_rate': 17.22924512, 'obs_rate_unit': 'kg/hr'}]",Dehydrator-1,"{'value': 99.92962169600001, 'unit': 'kg'}","{'value': 17.22924512, 'unit': 'kg/hr'}",68.0,Event-68
95,PRE,"{'value': 10.666666666666666, 'unit': 'hr'}",2024-02-08 17:30:00,2024-02-08 17:30:00,2024-02-09 04:10:00,CMS-45,"[{'id': 'CMS-45', 'startTime': Timestamp('2024-02-08 17:30:00'), 'endTime': Timestamp('2024-02-09 04:10:00'), 'obs_mass_volume': 126.57069856, 'obs_duration': 10.666666666666666, 'obs_rate': 11.86600299, 'obs_rate_unit': 'kg/hr'}]",Dehydrator-1,"{'value': 126.57069856, 'unit': 'kg'}","{'value': 11.86600299, 'unit': 'kg/hr'}",69.0,Event-69
96,PRE,"{'value': 10.666666666666666, 'unit': 'hr'}",2024-02-08 17:30:00,2024-02-08 17:30:00,2024-02-09 04:10:00,CMS-46,"[{'id': 'CMS-46', 'startTime': Timestamp('2024-02-08 17:30:00'), 'endTime': Timestamp('2024-02-09 04:10:00'), 'obs_mass_volume': 157.53858101333333, 'obs_duration': 10.666666666666666, 'obs_rate': 14.76924197, 'obs_rate_unit': 'kg/hr'}]",Dehydrator-1,"{'value': 157.53858101333333, 'unit': 'kg'}","{'value': 14.76924197, 'unit': 'kg/hr'}",69.0,Event-69
97,PRE,"{'value': 9.733333333333333, 'unit': 'hr'}",2024-02-10 06:47:00,2024-02-10 06:47:00,2024-02-10 16:31:00,CMS-44,"[{'id': 'CMS-44', 'startTime': Timestamp('2024-02-10 06:47:00'), 'endTime': Timestamp('2024-02-10 16:31:00'), 'obs_mass_volume': 66.39530399546666, 'obs_duration': 9.733333333333333, 'obs_rate': 6.821435342, 'obs_rate_unit': 'kg/hr'}]",Dehydrator-1,"{'value': 66.39530399546666, 'unit': 'kg'}","{'value': 6.821435342, 'unit': 'kg/hr'}",70.0,Event-70
98,PRE,"{'value': 8.45, 'unit': 'hr'}",2024-02-10 14:50:00,2024-02-10 14:50:00,2024-02-10 23:17:00,CMS-43,"[{'id': 'CMS-43', 'startTime': Timestamp('2024-02-10 14:50:00'), 'endTime': Timestamp('2024-02-10 23:17:00'), 'obs_mass_volume': 244.13116035099998, 'obs_duration': 8.45, 'obs_rate': 28.89126158, 'obs_rate_unit': 'kg/hr'}]",Dehydrator-1,"{'value': 244.13116035099998, 'unit': 'kg'}","{'value': 28.89126158, 'unit': 'kg/hr'}",70.0,Event-70
99,PRE,"{'value': 13.883333333333333, 'unit': 'hr'}",2024-02-11 15:45:00,2024-02-11 15:45:00,2024-02-12 05:38:00,CMS-42,"[{'id': 'CMS-42', 'startTime': Timestamp('2024-02-11 15:45:00'), 'endTime': Timestamp('2024-02-12 05:38:00'), 'obs_mass_volume': 1712.27122577, 'obs_duration': 13.883333333333333, 'obs_rate': 123.3328614, 'obs_rate_unit': 'kg/hr'}]",Dehydrator-1,"{'value': 1712.27122577, 'unit': 'kg'}","{'value': 123.3328614, 'unit': 'kg/hr'}",71.0,Event-71
100,PRE,"{'value': 4.916666666666667, 'unit': 'hr'}",2024-02-16 11:51:00,2024-02-16 11:51:00,2024-02-16 16:46:00,CMS-41,"[{'id': 'CMS-41', 'startTime': Timestamp('2024-02-16 11:51:00'), 'endTime': Timestamp('2024-02-16 16:46:00'), 'obs_mass_volume': 72.93191037583334, 'obs_duration': 4.916666666666667, 'obs_rate': 14.83360889, 'obs_rate_unit': 'kg/hr'}]",Dehydrator-1,"{'value': 72.93191037583334, 'unit': 'kg'}","{'value': 14.83360889, 'unit': 'kg/hr'}",72.0,Event-72
101,PRE,"{'value': 6.766666666666667, 'unit': 'hr'}",2024-02-22 02:22:00,2024-02-22 02:22:00,2024-02-22 09:08:00,CMS-40,"[{'id': 'CMS-40', 'startTime': Timestamp('2024-02-22 02:22:00'), 'endTime': Timestamp('2024-02-22 09:08:00'), 'obs_mass_volume': 119.13999802599999, 'obs_duration': 6.766666666666667, 'obs_rate': 17.60689626, 'obs_rate_unit': 'kg/hr'}]",Dehydrator-1,"{'value': 119.13999802599999, 'unit': 'kg'}","{'value': 17.60689626, 'unit': 'kg/hr'}",73.0,Event-73
102,PRE,"{'value': 17.183333333333334, 'unit': 'hr'}",2024-02-22 11:25:00,2024-02-22 11:25:00,2024-02-23 04:36:00,CMS-39,"[{'id': 'CMS-39', 'startTime': Timestamp('2024-02-22 11:25:00'), 'endTime': Timestamp('2024-02-23 04:36:00'), 'obs_mass_volume': 574.2003759208334, 'obs_duration': 17.183333333333334, 'obs_rate': 33.41612275, 'obs_rate_unit': 'kg/hr'}]",Dehydrator-1,"{'value': 574.2003759208334, 'unit': 'kg'}","{'value': 33.41612275, 'unit': 'kg/hr'}",74.0,Event-74
103,PRE,"{'value': 13.316666666666666, 'unit': 'hr'}",2024-02-23 14:04:00,2024-02-23 14:04:00,2024-02-24 03:23:00,CMS-38,"[{'id': 'CMS-38', 'startTime': Timestamp('2024-02-23 14:04:00'), 'endTime': Timestamp('2024-02-24 03:23:00'), 'obs_mass_volume': 246.51555203066664, 'obs_duration': 13.316666666666666, 'obs_rate': 18.51180616, 'obs_rate_unit': 'kg/hr'}]",Compressor-2,"{'value': 246.51555203066664, 'unit': 'kg'}","{'value': 18.51180616, 'unit': 'kg/hr'}",1.0,Event-01
104,PRE,"{'value': 10.0, 'unit': 'hr'}",2024-02-24 08:34:00,2024-02-24 08:34:00,2024-02-24 18:34:00,CMS-37,"[{'id': 'CMS-37', 'startTime': Timestamp('2024-02-24 08:34:00'), 'endTime': Timestamp('2024-02-24 18:34:00'), 'obs_mass_volume': 116.9312178, 'obs_duration': 10.0, 'obs_rate': 11.69312178, 'obs_rate_unit': 'kg/hr'}]",Compressor-2,"{'value': 116.9312178, 'unit': 'kg'}","{'value': 11.69312178, 'unit': 'kg/hr'}",1.0,Event-01
105,PRE,"{'value': 4.766666666666667, 'unit': 'hr'}",2024-02-27 10:58:00,2024-02-27 10:58:00,2024-02-27 15:44:00,CMS-36,"[{'id': 'CMS-36', 'startTime': Timestamp('2024-02-27 10:58:00'), 'endTime': Timestamp('2024-02-27 15:44:00'), 'obs_mass_volume': 68.86191478833332, 'obs_duration': 4.766666666666667, 'obs_rate': 14.44655555, 'obs_rate_unit': 'kg/hr'}]",Compressor-2,"{'value': 68.86191478833332, 'unit': 'kg'}","{'value': 14.44655555, 'unit': 'kg/hr'}",1.0,Event-01
106,PRE,"{'value': 5.583333333333333, 'unit': 'hr'}",2024-03-01 17:52:00,2024-03-01 17:52:00,2024-03-01 23:27:00,CMS-35,"[{'id': 'CMS-35', 'startTime': Timestamp('2024-03-01 17:52:00'), 'endTime': Timestamp('2024-03-01 23:27:00'), 'obs_mass_volume': 93.6447966775, 'obs_duration': 5.583333333333333, 'obs_rate': 16.77220239, 'obs_rate_unit': 'kg/hr'}]",Compressor-2,"{'value': 93.6447966775, 'unit': 'kg'}","{'value': 16.77220239, 'unit': 'kg/hr'}",1.0,Event-01
107,PRE,"{'value': 17.616666666666667, 'unit': 'hr'}",2024-03-03 04:38:00,2024-03-03 04:38:00,2024-03-03 22:15:00,CMS-34,"[{'id': 'CMS-34', 'startTime': Timestamp('2024-03-03 04:38:00'), 'endTime': Timestamp('2024-03-03 22:15:00'), 'obs_mass_volume': 302.29873069900003, 'obs_duration': 17.616666666666667, 'obs_rate': 17.15981442, 'obs_rate_unit': 'kg/hr'}]",Compressor-2,"{'value': 302.29873069900003, 'unit': 'kg'}","{'value': 17.15981442, 'unit': 'kg/hr'}",1.0,Event-01
108,PRE,"{'value': 4.983333333333333, 'unit': 'hr'}",2024-03-07 05:57:00,2024-03-07 05:57:00,2024-03-07 10:56:00,CMS-33,"[{'id': 'CMS-33', 'startTime': Timestamp('2024-03-07 05:57:00'), 'endTime': Timestamp('2024-03-07 10:56:00'), 'obs_mass_volume': 56.95441854483333, 'obs_duration': 4.983333333333333, 'obs_rate': 11.42898031, 'obs_rate_unit': 'kg/hr'}]",Compressor-3,"{'value': 56.95441854483333, 'unit': 'kg'}","{'value': 11.42898031, 'unit': 'kg/hr'}",2.0,Event-02
109,PRE,"{'value': 7.766666666666667, 'unit': 'hr'}",2024-03-07 07:16:00,2024-03-07 07:16:00,2024-03-07 15:02:00,CMS-32,"[{'id': 'CMS-32', 'startTime': Timestamp('2024-03-07 07:16:00'), 'endTime': Timestamp('2024-03-07 15:02:00'), 'obs_mass_volume': 126.09040077166667, 'obs_duration': 7.766666666666667, 'obs_rate': 16.23481555, 'obs_rate_unit': 'kg/hr'}]",Compressor-2,"{'value': 126.09040077166667, 'unit': 'kg'}","{'value': 16.23481555, 'unit': 'kg/hr'}",1.0,Event-01
110,PRE,"{'value': 35.916666666666664, 'unit': 'hr'}",2024-03-08 12:23:00,2024-03-08 12:23:00,2024-03-10 00:18:00,CMS-31,"[{'id': 'CMS-31', 'startTime': Timestamp('2024-03-08 12:23:00'), 'endTime': Timestamp('2024-03-10 00:18:00'), 'obs_mass_volume': 528.5527781274999, 'obs_duration': 35.916666666666664, 'obs_rate': 14.71608663, 'obs_rate_unit': 'kg/hr'}]",Compressor-2,"{'value': 528.5527781274999, 'unit': 'kg'}","{'value': 14.71608663, 'unit': 'kg/hr'}",1.0,Event-01
111,PRE,"{'value': 14.616666666666667, 'unit': 'hr'}",2024-03-14 09:15:00,2024-03-14 09:15:00,2024-03-14 23:52:00,CMS-29,"[{'id': 'CMS-29', 'startTime': Timestamp('2024-03-14 09:15:00'), 'endTime': Timestamp('2024-03-14 23:52:00'), 'obs_mass_volume': 223.56172781933336, 'obs_duration': 14.616666666666667, 'obs_rate': 15.29498708, 'obs_rate_unit': 'kg/hr'}]",Compressor-3,"{'value': 223.56172781933336, 'unit': 'kg'}","{'value': 15.29498708, 'unit': 'kg/hr'}",2.0,Event-02
112,PRE,"{'value': 14.616666666666667, 'unit': 'hr'}",2024-03-14 09:15:00,2024-03-14 09:15:00,2024-03-14 23:52:00,CMS-30,"[{'id': 'CMS-30', 'startTime': Timestamp('2024-03-14 09:15:00'), 'endTime': Timestamp('2024-03-14 23:52:00'), 'obs_mass_volume': 215.58913933850002, 'obs_duration': 14.616666666666667, 'obs_rate': 14.74954203, 'obs_rate_unit': 'kg/hr'}]",Tank-1,"{'value': 215.58913933850002, 'unit': 'kg'}","{'value': 14.74954203, 'unit': 'kg/hr'}",75.0,Event-75
113,PRE,"{'value': 11.816666666666666, 'unit': 'hr'}",2024-03-15 07:54:00,2024-03-15 07:54:00,2024-03-15 19:43:00,CMS-28,"[{'id': 'CMS-28', 'startTime': Timestamp('2024-03-15 07:54:00'), 'endTime': Timestamp('2024-03-15 19:43:00'), 'obs_mass_volume': 127.98142362133333, 'obs_duration': 11.816666666666666, 'obs_rate': 10.83058592, 'obs_rate_unit': 'kg/hr'}]",Tank-1,"{'value': 127.98142362133333, 'unit': 'kg'}","{'value': 10.83058592, 'unit': 'kg/hr'}",76.0,Event-76
114,PRE,"{'value': 9.95, 'unit': 'hr'}",2024-03-18 15:35:00,2024-03-18 15:35:00,2024-03-19 01:32:00,CMS-27,"[{'id': 'CMS-27', 'startTime': Timestamp('2024-03-18 15:35:00'), 'endTime': Timestamp('2024-03-19 01:32:00'), 'obs_mass_volume': 130.2191485195, 'obs_duration': 9.95, 'obs_rate': 13.08735161, 'obs_rate_unit': 'kg/hr'}]",Compressor-2,"{'value': 130.2191485195, 'unit': 'kg'}","{'value': 13.08735161, 'unit': 'kg/hr'}",1.0,Event-01
115,PRE,"{'value': 10.15, 'unit': 'hr'}",2024-03-21 16:45:00,2024-03-21 16:45:00,2024-03-22 02:54:00,CMS-25,"[{'id': 'CMS-25', 'startTime': Timestamp('2024-03-21 16:45:00'), 'endTime': Timestamp('2024-03-22 02:54:00'), 'obs_mass_volume': 126.79760016, 'obs_duration': 10.15, 'obs_rate': 12.4923744, 'obs_rate_unit': 'kg/hr'}]",Separator-2,"{'value': 126.79760016, 'unit': 'kg'}","{'value': 12.4923744, 'unit': 'kg/hr'}",77.0,Event-77
116,PRE,"{'value': 10.15, 'unit': 'hr'}",2024-03-21 16:45:00,2024-03-21 16:45:00,2024-03-22 02:54:00,CMS-26,"[{'id': 'CMS-26', 'startTime': Timestamp('2024-03-21 16:45:00'), 'endTime': Timestamp('2024-03-22 02:54:00'), 'obs_mass_volume': 157.324732649, 'obs_duration': 10.15, 'obs_rate': 15.49997366, 'obs_rate_unit': 'kg/hr'}]",Dehydrator-2,"{'value': 157.324732649, 'unit': 'kg'}","{'value': 15.49997366, 'unit': 'kg/hr'}",78.0,Event-78
117,PRE,"{'value': 16.916666666666668, 'unit': 'hr'}",2024-03-22 11:45:00,2024-03-22 11:45:00,2024-03-23 04:40:00,CMS-24,"[{'id': 'CMS-24', 'startTime': Timestamp('2024-03-22 11:45:00'), 'endTime': Timestamp('2024-03-23 04:40:00'), 'obs_mass_volume': 329.1300918383334, 'obs_duration': 16.916666666666668, 'obs_rate': 19.45596602, 'obs_rate_unit': 'kg/hr'}]",Separator-2,"{'value': 329.1300918383334, 'unit': 'kg'}","{'value': 19.45596602, 'unit': 'kg/hr'}",79.0,Event-79
118,PRE,"{'value': 16.333333333333332, 'unit': 'hr'}",2024-03-23 15:56:00,2024-03-23 15:56:00,2024-03-24 08:16:00,CMS-23,"[{'id': 'CMS-23', 'startTime': Timestamp('2024-03-23 15:56:00'), 'endTime': Timestamp('2024-03-24 08:16:00'), 'obs_mass_volume': 339.34484483666665, 'obs_duration': 16.333333333333332, 'obs_rate': 20.77621499, 'obs_rate_unit': 'kg/hr'}]",Separator-2,"{'value': 339.34484483666665, 'unit': 'kg'}","{'value': 20.77621499, 'unit': 'kg/hr'}",80.0,Event-80
119,PRE,"{'value': 6.0, 'unit': 'hr'}",2024-03-29 12:10:00,2024-03-29 12:10:00,2024-03-29 18:10:00,CMS-22,"[{'id': 'CMS-22', 'startTime': Timestamp('2024-03-29 12:10:00'), 'endTime': Timestamp('2024-03-29 18:10:00'), 'obs_mass_volume': 303.28679520000003, 'obs_duration': 6.0, 'obs_rate': 50.5477992, 'obs_rate_unit': 'kg/hr'}]",Separator-2,"{'value': 303.28679520000003, 'unit': 'kg'}","{'value': 50.5477992, 'unit': 'kg/hr'}",81.0,Event-81
120,PRE,"{'value': 3.8333333333333335, 'unit': 'hr'}",2024-04-05 14:08:00,2024-04-05 14:08:00,2024-04-05 17:58:00,CMS-21,"[{'id': 'CMS-21', 'startTime': Timestamp('2024-04-05 14:08:00'), 'endTime': Timestamp('2024-04-05 17:58:00'), 'obs_mass_volume': 73.71619101666667, 'obs_duration': 3.8333333333333335, 'obs_rate': 19.2303107, 'obs_rate_unit': 'kg/hr'}]",Separator-2,"{'value': 73.71619101666667, 'unit': 'kg'}","{'value': 19.2303107, 'unit': 'kg/hr'}",82.0,Event-82
121,PRE,"{'value': 5.016666666666667, 'unit': 'hr'}",2024-04-05 15:40:00,2024-04-05 15:40:00,2024-04-05 20:41:00,CMS-20,"[{'id': 'CMS-20', 'startTime': Timestamp('2024-04-05 15:40:00'), 'endTime': Timestamp('2024-04-05 20:41:00'), 'obs_mass_volume': 267.260797426, 'obs_duration': 5.016666666666667, 'obs_rate': 53.27457756, 'obs_rate_unit': 'kg/hr'}]",Separator-2,"{'value': 267.260797426, 'unit': 'kg'}","{'value': 53.27457756, 'unit': 'kg/hr'}",82.0,Event-82
122,PRE,"{'value': 3.85, 'unit': 'hr'}",2024-04-06 01:59:00,2024-04-06 01:59:00,2024-04-06 05:50:00,CMS-19,"[{'id': 'CMS-19', 'startTime': Timestamp('2024-04-06 01:59:00'), 'endTime': Timestamp('2024-04-06 05:50:00'), 'obs_mass_volume': 72.9786083565, 'obs_duration': 3.85, 'obs_rate': 18.95548269, 'obs_rate_unit': 'kg/hr'}]",Separator-2,"{'value': 72.9786083565, 'unit': 'kg'}","{'value': 18.95548269, 'unit': 'kg/hr'}",83.0,Event-83
123,PRE,"{'value': 11.15, 'unit': 'hr'}",2024-04-09 08:27:00,2024-04-09 08:27:00,2024-04-09 19:36:00,CMS-18,"[{'id': 'CMS-18', 'startTime': Timestamp('2024-04-09 08:27:00'), 'endTime': Timestamp('2024-04-09 19:36:00'), 'obs_mass_volume': 206.64659705350002, 'obs_duration': 11.15, 'obs_rate': 18.53332709, 'obs_rate_unit': 'kg/hr'}]",Separator-2,"{'value': 206.64659705350002, 'unit': 'kg'}","{'value': 18.53332709, 'unit': 'kg/hr'}",84.0,Event-84
124,PRE,"{'value': 9.766666666666667, 'unit': 'hr'}",2024-04-10 14:25:00,2024-04-10 14:25:00,2024-04-11 00:11:00,CMS-17,"[{'id': 'CMS-17', 'startTime': Timestamp('2024-04-10 14:25:00'), 'endTime': Timestamp('2024-04-11 00:11:00'), 'obs_mass_volume': 1373.4289776066666, 'obs_duration': 9.766666666666667, 'obs_rate': 140.6241274, 'obs_rate_unit': 'kg/hr'}]",Separator-2,"{'value': 1373.4289776066666, 'unit': 'kg'}","{'value': 140.6241274, 'unit': 'kg/hr'}",85.0,Event-85
125,PRE,"{'value': 7.616666666666666, 'unit': 'hr'}",2024-04-11 15:06:00,2024-04-11 15:06:00,2024-04-11 22:43:00,CMS-16,"[{'id': 'CMS-16', 'startTime': Timestamp('2024-04-11 15:06:00'), 'endTime': Timestamp('2024-04-11 22:43:00'), 'obs_mass_volume': 425.70099192133335, 'obs_duration': 7.616666666666666, 'obs_rate': 55.89072104, 'obs_rate_unit': 'kg/hr'}]",Separator-2,"{'value': 425.70099192133335, 'unit': 'kg'}","{'value': 55.89072104, 'unit': 'kg/hr'}",86.0,Event-86
126,PRE,"{'value': 8.1, 'unit': 'hr'}",2024-04-12 14:09:00,2024-04-12 14:09:00,2024-04-12 22:15:00,CMS-15,"[{'id': 'CMS-15', 'startTime': Timestamp('2024-04-12 14:09:00'), 'endTime': Timestamp('2024-04-12 22:15:00'), 'obs_mass_volume': 241.300784997, 'obs_duration': 8.1, 'obs_rate': 29.79022037, 'obs_rate_unit': 'kg/hr'}]",Separator-2,"{'value': 241.300784997, 'unit': 'kg'}","{'value': 29.79022037, 'unit': 'kg/hr'}",87.0,Event-87
127,PRE,"{'value': 8.083333333333334, 'unit': 'hr'}",2024-04-13 00:00:00,2024-04-13 00:00:00,2024-04-13 08:05:00,CMS-14,"[{'id': 'CMS-14', 'startTime': Timestamp('2024-04-13 00:00:00'), 'endTime': Timestamp('2024-04-13 08:05:00'), 'obs_mass_volume': 119.02570237666669, 'obs_duration': 8.083333333333334, 'obs_rate': 14.72482916, 'obs_rate_unit': 'kg/hr'}]",Separator-1,"{'value': 119.02570237666669, 'unit': 'kg'}","{'value': 14.72482916, 'unit': 'kg/hr'}",88.0,Event-88
128,PRE,"{'value': 4.0, 'unit': 'hr'}",2024-04-14 01:54:00,2024-04-14 01:54:00,2024-04-14 05:54:00,CMS-13,"[{'id': 'CMS-13', 'startTime': Timestamp('2024-04-14 01:54:00'), 'endTime': Timestamp('2024-04-14 05:54:00'), 'obs_mass_volume': 64.05973644, 'obs_duration': 4.0, 'obs_rate': 16.01493411, 'obs_rate_unit': 'kg/hr'}]",Separator-1,"{'value': 64.05973644, 'unit': 'kg'}","{'value': 16.01493411, 'unit': 'kg/hr'}",89.0,Event-89
129,PRE,"{'value': 6.25, 'unit': 'hr'}",2024-04-16 04:25:00,2024-04-16 04:25:00,2024-04-16 10:40:00,CMS-11,"[{'id': 'CMS-11', 'startTime': Timestamp('2024-04-16 04:25:00'), 'endTime': Timestamp('2024-04-16 10:40:00'), 'obs_mass_volume': 81.51019662499999, 'obs_duration': 6.25, 'obs_rate': 13.04163146, 'obs_rate_unit': 'kg/hr'}]",Separator-1,"{'value': 81.51019662499999, 'unit': 'kg'}","{'value': 13.04163146, 'unit': 'kg/hr'}",90.0,Event-90
130,PRE,"{'value': 6.25, 'unit': 'hr'}",2024-04-16 04:25:00,2024-04-16 04:25:00,2024-04-16 10:40:00,CMS-12,"[{'id': 'CMS-12', 'startTime': Timestamp('2024-04-16 04:25:00'), 'endTime': Timestamp('2024-04-16 10:40:00'), 'obs_mass_volume': 60.4848984, 'obs_duration': 6.25, 'obs_rate': 9.677583744, 'obs_rate_unit': 'kg/hr'}]",Separator-1,"{'value': 60.4848984, 'unit': 'kg'}","{'value': 9.677583744, 'unit': 'kg/hr'}",90.0,Event-90
131,PRE,"{'value': 9.083333333333334, 'unit': 'hr'}",2024-04-17 05:04:00,2024-04-17 05:04:00,2024-04-17 14:09:00,CMS-10,"[{'id': 'CMS-10', 'startTime': Timestamp('2024-04-17 05:04:00'), 'endTime': Timestamp('2024-04-17 14:09:00'), 'obs_mass_volume': 222.85961067416667, 'obs_duration': 9.083333333333334, 'obs_rate': 24.53500301, 'obs_rate_unit': 'kg/hr'}]",Separator-1,"{'value': 222.85961067416667, 'unit': 'kg'}","{'value': 24.53500301, 'unit': 'kg/hr'}",91.0,Event-91
132,PRE,"{'value': 7.416666666666667, 'unit': 'hr'}",2024-04-18 13:26:00,2024-04-18 13:26:00,2024-04-18 20:51:00,CMS-9,"[{'id': 'CMS-9', 'startTime': Timestamp('2024-04-18 13:26:00'), 'endTime': Timestamp('2024-04-18 20:51:00'), 'obs_mass_volume': 110.80088842250001, 'obs_duration': 7.416666666666667, 'obs_rate': 14.93944563, 'obs_rate_unit': 'kg/hr'}]",Separator-1,"{'value': 110.80088842250001, 'unit': 'kg'}","{'value': 14.93944563, 'unit': 'kg/hr'}",92.0,Event-92
133,PRE,"{'value': 4.15, 'unit': 'hr'}",2024-04-18 22:32:00,2024-04-18 22:32:00,2024-04-19 02:41:00,CMS-8,"[{'id': 'CMS-8', 'startTime': Timestamp('2024-04-18 22:32:00'), 'endTime': Timestamp('2024-04-19 02:41:00'), 'obs_mass_volume': 73.25193070600001, 'obs_duration': 4.15, 'obs_rate': 17.65106764, 'obs_rate_unit': 'kg/hr'}]",Separator-1,"{'value': 73.25193070600001, 'unit': 'kg'}","{'value': 17.65106764, 'unit': 'kg/hr'}",93.0,Event-93
134,PRE,"{'value': 12.0, 'unit': 'hr'}",2024-04-19 14:49:00,2024-04-19 14:49:00,2024-04-20 02:49:00,CMS-7,"[{'id': 'CMS-7', 'startTime': Timestamp('2024-04-19 14:49:00'), 'endTime': Timestamp('2024-04-20 02:49:00'), 'obs_mass_volume': 429.75267228, 'obs_duration': 12.0, 'obs_rate': 35.81272269, 'obs_rate_unit': 'kg/hr'}]",Separator-1,"{'value': 429.75267228, 'unit': 'kg'}","{'value': 35.81272269, 'unit': 'kg/hr'}",94.0,Event-94
135,PRE,"{'value': 2.4166666666666665, 'unit': 'hr'}",2024-04-20 14:10:00,2024-04-20 14:10:00,2024-04-20 16:35:00,CMS-6,"[{'id': 'CMS-6', 'startTime': Timestamp('2024-04-20 14:10:00'), 'endTime': Timestamp('2024-04-20 16:35:00'), 'obs_mass_volume': 186.092186405, 'obs_duration': 2.4166666666666665, 'obs_rate': 77.00366334, 'obs_rate_unit': 'kg/hr'}]",Separator-2,"{'value': 186.092186405, 'unit': 'kg'}","{'value': 77.00366334, 'unit': 'kg/hr'}",95.0,Event-95
136,PRE,"{'value': 20.116666666666667, 'unit': 'hr'}",2024-04-22 14:00:00,2024-04-22 14:00:00,2024-04-23 10:07:00,CMS-5,"[{'id': 'CMS-5', 'startTime': Timestamp('2024-04-22 14:00:00'), 'endTime': Timestamp('2024-04-23 10:07:00'), 'obs_mass_volume': 1561.6962815131667, 'obs_duration': 20.116666666666667, 'obs_rate': 77.63196097, 'obs_rate_unit': 'kg/hr'}]",Separator-1,"{'value': 1561.6962815131667, 'unit': 'kg'}","{'value': 77.63196097, 'unit': 'kg/hr'}",96.0,Event-96
137,PRE,"{'value': 6.383333333333334, 'unit': 'hr'}",2024-04-26 10:15:00,2024-04-26 10:15:00,2024-04-26 16:38:00,CMS-4,"[{'id': 'CMS-4', 'startTime': Timestamp('2024-04-26 10:15:00'), 'endTime': Timestamp('2024-04-26 16:38:00'), 'obs_mass_volume': 68.96974901433333, 'obs_duration': 6.383333333333334, 'obs_rate': 10.80466042, 'obs_rate_unit': 'kg/hr'}]",Separator-1,"{'value': 68.96974901433333, 'unit': 'kg'}","{'value': 10.80466042, 'unit': 'kg/hr'}",97.0,Event-97
138,PRE,"{'value': 7.866666666666666, 'unit': 'hr'}",2024-04-27 06:05:00,2024-04-27 06:05:00,2024-04-27 13:57:00,CMS-3,"[{'id': 'CMS-3', 'startTime': Timestamp('2024-04-27 06:05:00'), 'endTime': Timestamp('2024-04-27 13:57:00'), 'obs_mass_volume': 126.14518175199998, 'obs_duration': 7.866666666666666, 'obs_rate': 16.03540446, 'obs_rate_unit': 'kg/hr'}]",Separator-1,"{'value': 126.14518175199998, 'unit': 'kg'}","{'value': 16.03540446, 'unit': 'kg/hr'}",98.0,Event-98
139,PRE,"{'value': 12.066666666666666, 'unit': 'hr'}",2024-04-28 07:12:00,2024-04-28 07:12:00,2024-04-28 19:16:00,CMS-2,"[{'id': 'CMS-2', 'startTime': Timestamp('2024-04-28 07:12:00'), 'endTime': Timestamp('2024-04-28 19:16:00'), 'obs_mass_volume': 134.68467683666665, 'obs_duration': 12.066666666666666, 'obs_rate': 11.16171355, 'obs_rate_unit': 'kg/hr'}]",Separator-1,"{'value': 134.68467683666665, 'unit': 'kg'}","{'value': 11.16171355, 'unit': 'kg/hr'}",99.0,Event-99
140,PRE,"{'value': 5.383333333333334, 'unit': 'hr'}",2024-04-29 23:25:00,2024-04-29 23:25:00,2024-04-30 04:48:00,CMS-1,"[{'id': 'CMS-1', 'startTime': Timestamp('2024-04-29 23:25:00'), 'endTime': Timestamp('2024-04-30 04:48:00'), 'obs_mass_volume': 160.76300239433334, 'obs_duration': 5.383333333333334, 'obs_rate': 29.86309642, 'obs_rate_unit': 'kg/hr'}]",Separator-1,"{'value': 160.76300239433334, 'unit': 'kg'}","{'value': 29.86309642, 'unit': 'kg/hr'}",100.0,Event-100
